<?xml version="1.0" encoding="UTF-8"?>
<project-private xmlns="http://www.netbeans.org/ns/project-private/1">
    <editor-bookmarks xmlns="http://www.netbeans.org/ns/editor-bookmarks/2" lastBookmarkId="0"/>
    <open-files xmlns="http://www.netbeans.org/ns/projectui-open-files/2">
        <group>
            <file>file:/home/vinicius/workspace/projetos-softwares/web/sistema-SeuSalao/SeuSalao-master/SistemaSeuSalao/web/alteracao-movimentacao.jsp</file>
            <file>file:/home/vinicius/workspace/projetos-softwares/web/sistema-SeuSalao/SeuSalao-master/SistemaSeuSalao/web/alteracao-cliente.jsp</file>
            <file>file:/home/vinicius/workspace/projetos-softwares/web/sistema-SeuSalao/SeuSalao-master/SistemaSeuSalao/web/administrativo.jsp</file>
            <file>file:/home/vinicius/workspace/projetos-softwares/web/sistema-SeuSalao/SeuSalao-master/SistemaSeuSalao/src/java/pacotes/DAOListar.java</file>
            <file>file:/home/vinicius/workspace/projetos-softwares/web/sistema-SeuSalao/SeuSalao-master/SistemaSeuSalao/web/css/estilo.css</file>
        </group>
    </open-files>
</project-private>
